kl_list,geneName,mean_val,var_val
0.00456455957499561,MRPL20,1.7395,2.18543975
0.00740021265164517,RPL22,2.4994,3.39099964
0.0179659827884062,PARK7,2.6361,3.36587679
0.01189985499485,ENO1,3.9865,5.58911775
0.00769115317017333,MINOS1,2.0935,2.38555775
0.0426881716201177,RPL11,11.3349,15.15514199
0.00737803249554001,SRRM1,1.8778,2.23786716
0.00157871734820841,SYF2,1.0103,1.29959391
0.0204727057881325,STMN1,2.2529,3.46514159
0.00302301594334576,SH3BGRL3,1.3611,1.94770679
0.0186717035346678,HMGN2,2.9157,4.70579351
0.0266146715652754,NUDC,4.8686,6.43733404
0.0136770732361814,DNAJC8,2.301,2.873799
0.00525608686623562,ATPIF1,3.5979,4.89101559
0.00999813150611483,EIF3I,1.5957,1.98224151
0.00371113495919709,PSMB2,1.7512,2.37949856
0.00434638548114464,UTP11L,1.485,1.988975
0.0140029899244179,NDUFS5,3.4609,4.29007119
0.0220901782079774,YBX1,6.2042,13.00370236
0.00620365909056799,ATP6V0B,0.8411,1.03985079
0.0392797499486683,RPS8,16.1402,21.41674396
0.00904694146193467,PRDX1,4.1017,5.28075711
0.0109815951592824,UQCRH,4.4667,5.56489111
0.00877188145129484,MAGOH,0.9156,1.08187664
0.0303872530784574,SERBP1,3.4476,4.79765424
0.00984888778257004,SRSF11,1.0585,1.32827775
0.00219305255152869,GNG5,2.0471,2.57528159
0.0195322176358632,RPL5,6.7869,9.03388839
0.00330757856594017,DNTTIP2,1.2828,1.47502416
0.028468422535749,ARHGAP29,4.0947,7.68553191
0.0150208375109768,SARS,1.3609,1.77485119
0.00644156501558907,LAMTOR5,1.1357,1.46188551
0.00920571292643546,ATP5F1,0.987,1.202431
0.0183540517996951,RBM8A,2.1867,2.59164311
0.00281541818458742,MRPS21,2.2742,2.64981436
0.00208752484702421,PSMB4,1.4732,1.87988176
0.0128518584370506,S100A11,2.3029,3.10115159
0.0712844865337568,S100A6,6.6605,20.09183975
0.00331079955961236,S100A16,1.8989,2.63367879
0.00159205991478745,ILF2,0.9752,1.08478496
0.0110485480811015,RPS27,3.0985,5.90499775
0.00691579574463257,TPM3,3.0364,3.96407504
0.0102129312645912,KRTCAP2,1.1573,1.61415671
0.00359427892422796,CCT3,2.4527,2.98496271
0.0137658433021654,IFI16,1.0641,1.60399119
0.0212851534652223,PFDN2,2.752,4.232096
0.0098140005355026,TMCO1,1.0466,1.42882844
0.0317138519011541,GAS5,4.0351,6.38946799
0.00866449683988177,CACYBP,4.541,5.935919
0.0127932518285319,SNRPE,2.5763,3.43937831
0.00681075122484572,CNIH4,1.1261,1.34899879
0.00605610766321453,PARP1,1.424,1.752624
0.0128639793786713,ARF1,0.8374,0.92336124
0.00678500615310753,ARID4B,0.8743,1.11069951
0.0214728404249318,HNRNPU,3.5265,5.17549775
0.0165343275211173,GTPBP4,1.5418,2.16085276
0.0114769747555181,RBM17,1.5559,1.99587519
0.00889792803202387,ATP5C1,1.938,2.396956
0.0117664082547709,SFTA1P,2.6788,4.71423056
0.0111795728473057,CDC123,2.1617,2.85175311
0.0060074159567731,KIF5B,1.1811,1.77370279
0.0281041680322675,ITGB1,7.557,15.004351
0.00549286017180366,TFAM,0.9445,1.12821975
0.00954868077607317,DDX21,2.0151,2.56867199
0.0196028683641846,RPS24,9.9587,12.44899431
0.00282012167654468,GHITM,1.4014,1.81587804
0.0117452964605124,BLOC1S2,0.4176,0.52781024
0.0135176607334418,NDUFB8.1,1.286,1.634004
0.0140085089131175,USMG5,3.7354,5.13178684
0.0089446826102367,GSTO1,2.3753,3.43024991
0.00428643726476746,SMNDC1,1.1796,1.59474384
0.00543233732048525,BUB3,1.4114,1.79975004
0.00770728660212658,BCCIP,2.4859,3.47500119
0.00779916021653818,ECHS1,0.9617,1.25123311
0.0128032504196273,IFITM2,2.3346,3.01284284
0.00472093820762977,IFITM3,1.5187,2.18205031
0.0458661726068128,RPLP2,15.1782,19.32244476
0.0280566709203845,POLR2L,5.3865,8.59451775
0.0173205100496784,PHLDA2,1.4692,2.20065136
0.00864927121773318,NAP1L4,0.977,1.235071
0.0238967765625601,RPL27A,12.6953,17.58425791
0.00665416976982634,EIF4G2,0.8489,1.30386879
0.00913183719160301,PSMA1,1.361,1.682079
0.00976019364588813,C11orf58,1.7102,2.22621596
0.0125130481794181,RPS13,9.8085,12.80542775
0.0154650592524797,MDK,0.9756,1.18140464
0.0110675870352007,PSMC3,0.9946,1.32257084
0.00421521189881087,MRPL16,1.0765,1.42584775
0.0105216199535987,TMEM258,2.0709,2.79287319
0.0094281267888045,FTH1,4.6453,8.06708791
0.0185502944440972,EEF1G,2.948,3.820696
0.00872179032380314,COX8A,3.3509,3.80376919
0.0202498735325816,STIP1,1.7701,2.62604599
0.00675491245108171,TRMT112,3.6403,4.70211591
0.0186907921770477,FAU,8.9824,13.66369024
0.0491109683373055,MALAT1,7.9751,28.80187999
0.00687850939954128,CFL1,2.3204,3.02674384
0.00163603860882227,DRAP1,1.7055,2.24176975
0.00645111528797838,SF3B2,1.2108,1.59316336
0.0253414574415262,GSTP1,5.3043,7.62830151
0.0332360428979065,RPS3,13.8899,21.85777799
0.00821240188686039,NDUFC2,1.162,1.419756
0.00461618569385808,REXO2,1.4725,2.09424375
0.0102011741052252,ATP5L,4.5134,5.78462044
0.00975546154548147,RPS25,5.1894,6.74212764
0.0103987738405984,HSPA8,2.0504,2.73685984
0.00672027528896031,APLP2,0.8938,1.08892156
0.00931512056081444,MRPL51,1.7278,1.90930716
0.0119765990482963,GAPDH,6.0866,8.88030044
0.0156088933593601,TPI1,2.1543,3.18389151
0.00616766337124081,C12orf57,1.1895,1.48878975
0.00530850942625517,WBP11,0.9362,1.31312956
0.0130204303058706,MGST1,2.2395,3.36493975
0.0212790670474003,LDHB,5.1847,7.90598591
0.00703102757675309,TUBA1B,4.8629,10.47010359
0.0104269921447453,TMBIM6,2.6568,3.86601376
0.00946359270130353,PFDN5,2.075,2.764175
0.00749877330784215,PCBP2,1.4915,1.97232775
0.00934248713739725,ATP5G2,1.8795,2.50097975
0.0045607859024265,CD63,1.953,2.570791
0.0159114924604057,PA2G4,3.9635,5.17456775
0.0171272398118599,RPL41,7.2237,11.19985831
0.0228489027943833,MYL6,3.7665,5.50057775
0.00326112887067419,ATP5B,1.1177,1.34744671
0.0257689020436541,NACA,4.4589,6.08671079
0.0135103112329948,LLPH,1.6065,2.04145775
0.0053426464829882,CCT2,2.4659,3.07063719
0.0130686695566239,KRR1,0.9568,1.22033376
0.0125182500285127,NAP1L1,3.1646,4.19910684
0.0229177508992426,NDUFA12,1.1675,1.45784375
0.02739351712259,SNRPF,2.5581,3.48702439
0.0367643290289475,HSP90B1,3.5635,8.30136775
0.0074471514403087,TXNRD1,1.153,1.564591
0.00551840002209082,ISCU,0.6903,0.77598591
0.00872647139855062,ARPC3,1.4277,1.73797271
0.0268016745318026,RPL6,7.8123,12.43746871
0.00974562116280253,PEBP1,2.1543,2.57149151
0.0343032128096004,RPLP0,10.4891,18.27448119
0.00757935942181156,COX6A1,3.5205,4.34757975
0.0145061745844039,DYNLL1,3.627,5.128671
0.00777082426956094,RSRC2,1.2153,1.59734591
0.00839819326194831,UBC,1.2071,1.75020959
0.0205237408878077,RAN,4.1178,7.92292316
0.00314000218125601,SAP18,1.6592,2.09745536
0.0143464513545307,MRP63,1.5842,2.43171036
0.0187909960060988,POMP,4.0604,5.76655184
0.0186541133244811,HMGB1,4.1556,7.85978864
0.0155944912488034,TPT1,4.1897,6.21771391
0.00521726998672948,CKAP2,1.0687,1.68718031
0.00475394902052305,COMMD6,1.4152,1.76320896
0.00224963979650368,UCHL3,1.5061,2.00996279
0.0308680878211126,HNRNPC,2.5729,3.46508559
0.00671765904463645,SUPT16H,1.9227,2.52332471
0.00564701063115716,DAD1,0.9926,1.11174524
0.0119390565443977,PSMB5,2.5096,3.82170784
0.0121359681637987,PSME1,1.3468,1.84252976
0.00712418030890569,PSME2,1.1803,1.50099191
0.00218863323768525,NEDD8,2.0263,2.35660831
0.00764777450372256,PSMA6,1.187,1.553631
0.00573960107099017,PNN,1.1724,1.57847824
0.0331928176353304,RPS29,22.2493,60.57574951
0.0114290424868827,RPL36AL,4.6893,6.51776551
0.00126658147086076,C14orf166,1.1364,1.50799504
0.0132011183634549,KTN1,2.0635,3.08646775
0.00435594763145604,PSMA3,1.3501,1.92952999
0.00260393278657643,CHURC1.FNTB,1.0782,1.42548476
0.00671919845884089,ERH,1.8056,2.11200864
0.00820698461868024,COX16,1.5049,1.86897599
0.00904882701766505,RBM25,1.0634,1.54978044
0.0167902763213419,SLIRP,6.569,9.723039
0.011046458755164,SNW1,1.0736,1.36658304
0.0180035349528707,CALM1,4.2107,5.88170551
0.0127500355364376,NDUFB1,1.3597,1.82051591
0.00943010497910799,DDX24,1.4584,1.91886944
0.00613486494977177,PAPOLA,1.0803,1.37565191
0.0637643708601764,HSP90AA1,11.4759,20.50561919
0.00445212748175423,EIF5,1.752,2.439896
0.0294433865054286,C14orf2,4.3719,5.31099039
0.00734715263238806,NOP10,3.9045,5.36057975
0.0202907137099719,SRP14,7.7182,10.92618876
0.0200363072842009,PDIA3,2.7259,4.20476919
0.0206799729799904,SERF2,8.1309,10.53236519
0.0135463537360469,B2M,5.0866,7.63750044
0.00755323094414311,GTF2A2,1.0017,1.39469711
0.00489315874035341,ANXA2,2.4246,4.20691484
0.00873322434504656,RPS27L,1.9282,3.40684476
0.00861475916200919,PPIB,2.3789,3.18573479
0.00919987119992742,RPL4,5.0284,6.04899344
0.0459726812604662,RPLP1,30.2258,42.05421436
0.00855561399854746,PKM,1.1533,1.45619911
0.00942310962589387,COX5A,2.9066,4.33467644
0.0188813020661607,PSMA4,3.0579,4.10474759
0.00185062150873913,UBE2I,1.0447,1.31770191
0.0395170295214572,RPS2,5.9179,12.01515959
0.00977952829143571,RNPS1,1.0532,1.42356976
0.0171418680814931,TCEB2,4.6316,6.84928144
0.0126912302270456,TNFRSF12A,0.7929,1.06540959
0.00421037184193455,IL32,2.1792,3.17288736
0.0239651015974591,RSL1D1,3.1478,4.72975516
0.0261205042761454,RPS15A,9.5113,13.72647231
0.00865827338207462,ARL6IP1,1.6273,2.64199471
0.0122300431021371,NDUFAB1,2.5364,3.21327504
0.00871812141661948,ALDOA,1.9404,2.52064784
0.0513176724790281,MT2A,27.7892,189.42856336
0.0208160901710913,MT1E,6.1203,14.46642791
0.0597747676242921,MT1X,5.7055,21.38796975
0.00309920836041778,CKLF,1.0858,1.57903836
0.0125111310972598,FAM96B,1.2739,1.65507879
0.0046387988222859,NUTF2,1.8027,2.53317271
0.00374790240670566,HSBP1,2.5131,3.31922839
0.015357897894346,COX4I1,3.4784,4.24833344
0.00296719965729433,MAP1LC3B,1.2426,1.44314524
0.0356247574307906,RPL13,18.8638,25.27184956
0.0283665096311623,YWHAE,7.0378,10.96637116
0.0113206269149092,PSMB6,2.6654,3.73024284
0.00750249231706307,PFN1,5.0587,7.97105431
0.0132858838454524,C1QBP,3.4152,4.36700896
0.00631990481103978,TXNDC17,2.6004,3.17591984
0.00392290598751292,RNASEK.C17orf49,1.3944,1.68884864
0.00617568978667561,EIF5A,1.6007,1.88165951
0.00853408478233908,EIF4A1,2.556,3.466464
0.0273414504857031,RPL26,12.6837,16.58725431
0.0533591838204578,UBB,9.7307,18.83577751
0.00691279897245403,FAM211A.AS1,1.9248,2.61814496
0.014177090888403,RPL23A,4.4812,6.43244656
0.00945910208226772,PSMB3,2.3826,3.18581724
0.0224574878920842,RPL23,9.8982,13.67463676
0.0174767166238991,RPL19,13.0136,15.48681504
0.0164213854679188,EIF1,3.2846,4.77040284
0.0368504355472654,RPL27,15.6839,20.64878079
0.00550887250229033,NMT1,1.0038,1.37878556
0.0101413716063159,CBX1,1.2827,1.76298071
0.0141416185108263,ATP5G1,2.1276,3.03111824
0.00648775499896922,LUC7L3,0.8934,1.08563644
0.00543957846885316,NME1,1.5102,1.89749596
0.00838236635576674,NME2,6.4232,9.29770176
0.0184808487503102,DDX5,1.3326,1.84237724
0.00958782022044089,PSMD12,1.6139,2.08022679
0.0311589643323995,RPL38,10.0962,16.43694556
0.0109363604531725,ATP5H,1.5238,2.07323356
0.00149898417843454,SUMO2,1.4621,2.11876359
0.0210631258503447,H3F3B,6.8181,12.68381239
0.0178650139151524,ACTG1,2.6405,4.38325975
0.00309200929074132,ANAPC11,2.0459,2.45139319
0.0103160876942977,MYL12A,2.1685,2.92730775
0.0186846219096318,MYL12B,3.3797,4.65472791
0.0113335790382276,NDUFV2,1.6992,2.29191936
0.015838885650699,SNRPD1,3.4764,4.51864304
0.0151808558104928,RPL17.C18orf32,5.1689,7.28657279
0.00186412131155934,TXNL1,0.9181,1.16359239
0.00958768967749046,NARS,1.7635,2.36536775
0.0445525066312074,RPS15,16.6081,21.17611439
0.0124824189178636,UQCR11.1,4.2557,5.49971751
0.00670266422716991,OAZ1,3.7468,5.43528976
0.00579928149129333,LSM7,2.5936,3.21823904
0.0157767043693159,TIMM13,1.6458,2.07274236
0.0120078354909385,EEF2,1.8245,2.98409975
0.0170626753738836,RPL36,6.6245,10.45149975
0.00678951551565638,FUT5,1.4642,1.78891836
0.0160703954068196,RPS28,4.8406,10.19799164
0.015807732031121,HNRNPM,3.982,6.375076
0.00968607587592671,UBL5,3.5436,4.43109904
0.00728788491702806,WDR83OS,1.2476,1.54909424
0.00631121558909406,PRDX2,1.3404,1.73912784
0.00477411310800774,CALR,1.4726,2.39704924
0.00807609029760498,C19orf53,1.5001,2.06819999
0.0148022500531967,TPM4,1.6733,2.62136711
0.00699398101213581,BST2,1.6954,2.36561884
0.00669242147667445,LSM4,1.2638,1.70520956
0.00601663367235465,UBA52,5.7817,7.96304511
0.0208831989591538,NDUFA13,3.0241,4.15631919
0.0077151600002243,PDCD5,2.6604,3.29207184
0.0217042341127524,COX6B1,2.4714,3.10238204
0.00989657957769133,PSMD8,1.2405,1.48265975
0.0138128720596448,RPS16,11.3003,13.87191991
0.0571173671592581,RPS19,29.5133,48.86622311
0.0228208405468358,SNRPD2,5.7731,7.31781639
0.0141476830823769,AP2S1,1.4813,2.05065031
0.0195007028739857,RPL18,6.5127,8.22143871
0.0782039935474452,FTL,31.3045,173.73597975
0.0248004852487383,RPL13A,10.9469,14.75308039
0.0190437408572607,RPS11,6.8945,8.30936975
0.006889508597625,NDUFA3,1.5568,1.89977376
0.0166318889324403,RPS9,5.6562,6.86020156
0.00981337251970068,RPL28,3.1635,4.56516775
0.0158135552196865,RPS5,8.4658,11.89543036
0.0275251901513682,RPS7,7.3871,9.87565359
0.0250371003954811,PDIA6,1.8986,2.76751804
0.00683396778852908,SF3B14,2.6306,3.60894364
0.0135578745105284,OST4,2.888,4.056656
0.00802123277934956,PPM1G,1.7997,2.44337991
0.0037115612780286,MRPL33,1.0173,1.32780071
0.0158011829541565,FEZ2,2.1078,2.84437916
0.00672672283357403,MCFD2,1.1732,1.52200176
0.0448519363716927,CALM2,5.3849,9.79535199
0.0244746510043932,RPS27A,12.3214,15.96910204
0.0132350678111269,CCT4,0.9965,1.15728775
0.00719560053430088,SNRPG,4.2941,6.07160519
0.0523996539413834,TMSB10,12.269,20.675639
0.0106848761803272,LINC00152,0.9441,1.26617519
0.0202873797212779,COX5B,1.7924,2.16390224
0.021458592138088,EIF5B,1.6999,2.74743999
0.0460852453563334,RPL31,14.522,22.338116
0.010770193279571,MIR4435.1HG,1.2952,1.86565696
0.00613156414441176,DDX18,1.7014,2.04743804
0.0222977855202846,DBI,2.5478,3.98351516
0.00955037176130249,PRPF40A,1.3144,1.75055264
0.00498630193300189,PSMD14,1.4183,1.63592511
0.0221383381613736,SSB,2.4021,3.87241559
0.014251573025382,ATP5G3,2.9672,4.31852416
0.0159487465830162,ZC3H15,1.6569,2.46318239
0.0308586682784644,HSPD1,14.4448,24.02835296
0.0345699352446912,HSPE1,13.7586,22.98252604
0.0115184484264682,NDUFB3,1.3316,1.70364144
0.0140959937829429,NOP58,1.8144,2.74035264
0.0107699818283943,NBEAL1,4.4474,7.02183324
0.00444227915745711,EEF1B2,4.1967,4.72120911
0.0139954042710659,XRCC5,1.9665,2.51397775
0.0383504437338723,RPL37A,14.3588,21.94066256
0.0122257089072032,ARPC2,2.4215,2.94843775
0.0275989657992382,NCL,9.8065,17.01685775
0.0531411777051378,PTMA,18.1833,26.53950111
0.0183940922217834,MYEOV2,1.962,2.797356
0.00542670393818355,PCNA,1.0779,1.58443159
0.023089200067524,SNRPB2,1.6716,2.33715344
0.00573077535131598,DSTN,1.5173,2.04010071
0.00500439444456603,EIF2S2,2.6607,3.44997551
0.00402694268404008,ROMO1,2.7093,3.58659351
0.00275798935902641,RBM39,1.6031,2.11837039
0.0111948325740026,YWHAB,2.3556,3.07994864
0.00484956732187077,UBE2C,1.2176,2.37825024
0.0173396229509824,ZFAS1,2.1706,2.85149564
0.00896989328227214,TMEM189.UBE2V1,1.9671,2.37101759
0.00574014234556507,PFDN4,0.9969,1.32769039
0.0127149885528545,ATP5E,7.3112,11.07955456
0.0197557647214994,PSMA7,4.9134,7.05470044
0.0241654474580144,RPS21,11.7549,15.46422599
0.0137629542017015,ATP5J,3.478,4.615516
0.0144498963389682,CCT8,1.4383,1.99459311
0.0108047698358721,SOD1,3.7446,4.82397084
0.0200772897590646,SON,2.3032,3.40026976
0.00487410347723812,ATP5O,1.5605,2.03673975
0.00635175798220041,HMGN1,2.9555,3.92731975
0.00668573643887441,CSTB,1.5762,1.83839356
0.0116547634528111,PTTG1IP,0.9682,1.20578876
0.015031880194457,RANBP1,3.25,3.9929
0.00236525694996967,UBE2L3,1.2498,1.51599996
0.0121111769372825,MIF,13.4171,20.86772759
0.00676728789530168,DDT,1.46,1.871
0.0101478275500281,SNRPD3,2.001,2.498199
0.00365203442979753,UQCR10,3.3407,4.29882351
0.0161945796557917,LGALS1,4.8348,9.11070896
0.00808616611538322,POLR2F,2.2979,2.78735559
0.0158131734293565,RPL3,5.6131,8.41700839
0.0167571769935053,ST13,1.6742,2.37725436
0.0123659259571119,XRCC6,1.3738,1.75267356
0.0205212687294671,NHP2L1,1.9838,2.74873756
0.00806540549148988,NDUFA6,1.1667,1.46231111
0.022869377134107,RPL32,14.2764,18.06960304
0.0125152269678247,LSM3,2.2981,2.84363639
0.0271032872960191,RPL15,14.0685,21.17940775
0.0193584506078861,RPSA,1.4756,1.91440464
0.0203599778981794,RPL14,8.4071,12.57416959
0.0102277808485197,TMA7,3.9995,6.58369975
0.00748137496495286,GPX1,0.9435,1.28370775
0.00787708613316832,RHOA,0.9851,1.28607799
0.00678813496470084,RPL29,2.0108,2.35748336
0.0031584354156299,SPCS1,1.3817,1.88140511
0.0150540575011584,SELK,1.3067,1.95383511
0.0137140027741456,RPL24,8.7221,11.26767159
0.00340717365057692,COX17,1.0788,1.50619056
0.0105000303852951,NDUFB4,1.9095,2.49730975
0.0165221654299929,FAM162A,1.2122,1.45737116
0.00355110639953766,CNBP,1.5367,2.08065311
0.00377270049286455,U2SURP,1.487,1.827631
0.00678264877884005,SERP1,1.1407,1.44770351
0.0122999055780933,SSR3,5.1698,7.31396796
0.0105655307521136,SEC62,1.1854,1.62122684
0.0144358099844203,PSMD2,1.6766,2.18161244
0.0069285744226936,POLR2H,1.0723,1.32247271
0.00180737183872564,DNAJB11,1.0826,1.40217724
0.0398296434256069,RPL35A,14.7987,20.10737831
0.00593817565381245,ATP5I,4.9864,7.48961504
0.0113139086489949,GRPEL1,1.19,1.7243
0.00545064742842902,RPL9,1.079,1.335559
0.00443412004680439,UBE2K,1.2682,1.63186876
0.00714657519882223,OCIAD2,1.8964,2.31726704
0.0114541121811258,HNRNPD,1.3365,2.21986775
0.018603322773434,HNRNPDL,3.0459,5.02899319
0.00362464931859849,MRPS18C,1.2928,1.66326816
0.00263525200148961,PYURF,1.0535,1.42443775
0.0204681115959391,H2AFZ,6.5159,11.42594719
0.00186435757953226,UBE2D3,1.0201,1.51169599
0.046410796153203,RPL34,15.0378,23.76377116
0.00650275831991915,SNHG8,0.9223,1.08806271
0.00280014905219635,C4orf3,0.8723,1.11059271
0.0126649132920604,ANXA5,1.6588,2.34118256
0.00642442417403751,NDUFC1,3.3728,4.27422016
0.00970896378330112,RPS3A,3.5892,4.45764336
0.0260417638003597,HMGB2,2.9024,5.23987424
0.00245146534018701,SPCS3,0.9115,1.12926775
0.00444246126162291,NDUFS6,1.3966,1.57890844
0.0159107487761381,CCT5,1.9504,2.39053984
0.017207704632811,SUB1,1.7304,2.46731584
0.0153453615056263,TARS,1.1619,1.56008839
0.0271407279379828,RPL37,8.189,10.752679
0.00566361028068913,TAF9,1.1194,1.63874364
0.021919425487732,BTF3,5.32,6.4832
0.0099051832247969,TBCA,2.1484,3.13977744
0.0274521762551331,RPS23,11.6767,14.06597711
0.0119153241725327,COX7C,4.2754,5.89875484
0.0174690544452259,HINT1,4.3037,5.15706631
0.0148574257363076,UQCRQ,6.9642,9.04371836
0.00983499667592165,SKP1,3.4665,4.53527775
0.0233628090972819,HSPA9,1.9257,2.87997951
0.00593502058174965,MATR3,0.8271,1.15000559
0.0158911579501894,PFDN1,1.3393,1.74017551
0.00259179792155045,NDUFA2,1.1665,1.51477775
0.0581369505919877,RPS14,18.5712,23.35453056
0.00334262190492683,ATOX1,1.1145,1.40178975
0.0136723335298975,PTTG1,1.9965,2.73228775
0.0200500554173867,NPM1,8.069,11.564039
0.0054764743321451,RPL26L1,0.9732,1.18048176
0.00399516512508236,ATP6V0E1,1.4271,1.91228559
0.00992120367649203,PRELID1,1.7316,2.31536144
0.0133739880649301,NHP2,2.8172,3.38158416
0.0193673555397254,CANX,1.9766,2.46085244
0.0145972776918737,GNB2L1,6.2677,8.93823671
0.00627056648254398,NOL7,2.0826,2.52657724
0.0137846581190973,DEK,2.2673,3.12265071
0.0128689442090959,GMNN,1.1094,1.46543164
0.101800515229308,HIST1H4C,17.6278,254.56606716
0.0365381468207807,TUBB,1.6684,2.57044144
0.00901175208626948,CLIC1,1.0717,1.31815911
0.061834494810791,RPS18,25.7216,39.79989344
0.00222109335218161,HMGA1,1.7238,2.38051356
0.00851580746662257,RPS10,3.4254,4.05383484
0.00425879882152805,SNRPC,1.6358,2.25175836
0.0178029031797362,RPL10A,8.5302,12.25068796
0.00660647528954164,SRSF3,1.8999,2.41627999
0.00388054029092411,COX6A1P2,1.1885,1.56996775
0.00518343434460767,GLO1,2.2217,3.06414911
0.0174124707807403,PRICKLE4,1.5436,2.16329904
0.0424253703674863,HSP90AB1,25.9424,54.99628224
0.00593629922873433,EEF1A1,2.7853,4.30480391
0.0124476747724176,COX7A2,3.8599,4.36147199
0.00999691798318332,SNHG5,5.5547,7.93340791
0.0117953654734162,GTF3C6,1.8341,2.51517719
0.004952926796563,CENPW,0.8557,1.05047751
0.0243053777345046,RPS12,11.2503,16.10744991
0.0109971536145798,ABRACL,0.9861,1.14370679
0.0166550133291742,EZR,1.48,2.3738
0.00359967808848844,PSMB1,1.4657,1.86582351
0.0124686679962246,ACTB,1.3848,1.87752896
0.0170355522930894,NDUFA4,3.8552,5.13003296
0.0155678720471426,TOMM7,2.6546,3.91669884
0.013059267796236,CYCS,2.6729,3.37590559
0.0299610270604807,HNRNPA2B1,5.7816,10.99770144
0.0215452251792692,CBX3,3.9659,5.50133719
0.00558730533240092,LSM5,1.6343,2.03656351
0.00550883105737377,PSMA2.1,2.0233,2.53095711
0.00975842246925762,PPIA,2.2133,2.64360311
0.00700671726423928,SUN3,1.4757,2.69020951
0.00392954152967087,UPP1,1.471,2.167959
0.00193859206345887,SEC61G,1.4714,1.70118204
0.0165878883061862,CCT6A,3.6929,5.60438959
0.00862218824494404,CHCHD2,3.9664,5.12987104
0.0131553104588385,SBDS,1.2007,1.31221951
0.00456640600474669,HSPB1,3.7519,6.19214639
0.0172294787071253,SHFM1,4.824,7.040824
0.0134410454256463,PDAP1,2.694,4.066364
0.00432892969315527,BUD31,1.1572,1.33988816
0.00687245269465055,ATP5J2,3.5602,4.77697596
0.00648444710073938,COPS6,1.2192,1.54875136
0.0110962178036117,LAMTOR4,1.0448,1.20939296
0.00906140075878538,SERPINE1,1.0537,1.78081631
0.0285315149730997,ZNHIT1,1.8088,2.04604256
0.0171975429304928,POLR2J,1.1582,1.28397276
0.00951405012702974,LINC00998,1.0281,1.34391039
0.00527814573412998,ATP6V1F,1.6181,1.86185239
0.0186307590023459,NDUFB2,5.0218,6.09152476
0.0126273448238762,SSBP1,3.7954,4.74513884
0.0141533779267378,UBE2V2,0.853,1.037191
0.0350255350950655,RPS20,16.3404,24.93292784
0.0156621632685402,RAB2A,1.1399,1.42832799
0.0198394802005793,SNHG6,4.3614,5.67299004
0.0120164759892592,RPL7,1.2543,2.08503151
0.0164339334488814,TCEB1,3.5196,4.86641584
0.0108411321833127,C8orf59,3.1268,3.98952176
0.0317547015345063,UQCRB,6.3557,9.53157751
0.0197524445423464,MTDH,2.6878,3.70273116
0.0255023260819734,RPL30,13.8455,17.77402975
0.0214613896916404,COX6C,6.4391,8.60469119
0.0239935797385032,POLR2K,1.2916,1.77976944
0.0635171369364904,PABPC1,13.6149,41.85479799
0.0121907388004616,YWHAZ,2.0256,3.02154464
0.0225783243818001,ZNF706,1.5392,2.00546336
0.00376157540497666,EIF3E,1.5528,2.03761216
0.00684532425054912,ENY2,3.1144,3.83851264
0.00521488270254186,EIF3H,2.4107,3.08322551
0.0264203443582176,RAD21,1.3393,1.79797551
0.00507788976016493,MRPL13,2.5069,3.23435239
0.00468813015840302,ATAD2,1.8634,2.99014044
0.0120262247366312,NDUFB9,5.0833,6.75336111
0.00699749497336537,EEF1D,4.3156,5.89059664
0.0215469326686489,RPL8,21.2468,39.01368976
0.0122106885037445,C8orf33,1.715,2.807775
0.0431353456518862,RPS6,32.4785,42.62313775
0.0108910892832839,NDUFB6,1.5711,1.82434479
0.0148482422970732,DNAJA1,5.8229,9.36333559
0.00304904631115011,CLTA,0.9963,1.24728631
0.00837315156473025,FBXO10,1.3906,1.74663164
0.0210495442933121,ANXA1,3.4293,6.50360151
0.0280268462519286,HNRNPK,2.1697,3.29810191
0.00857513682106855,CKS2,3.4589,7.04671079
0.00823997932826879,ANP32B,3.1126,4.23952124
0.011037581609128,SEC61B,2.708,3.499336
0.00708823783905034,CTNNAL1,1.3676,1.99287024
0.0653140850458141,TXN,16.7568,33.74345376
0.0203752600407684,ATP6V1G1,2.0514,2.66695804
0.00379537023407524,RAB14,1.0253,1.18525991
0.00326483902290429,NDUFA8,1.2181,1.62753239
0.00894310080750667,PSMB7,3.0764,4.03216304
0.0395121590919467,RPL35,25.4587,32.21829431
0.00602310392650649,ARPC5L,1.5342,2.09363036
0.0412616868612909,HSPA5,6.5367,34.94505311
0.0310292443456824,RPL12,16.2099,27.55384199
0.0213925863403095,SET,4.4595,8.01795975
0.0143410181315848,C9orf78,2.5727,3.34671471
0.00431335072996787,SURF6,1.092,1.477336
0.015139370502888,RPL7A,9.3731,11.98589639
0.0031327692301887,PHPT1,1.1066,1.50503644
0.00942785438903579,EDF1,2.3866,3.26014044
0.00211122560349795,TUBB4B,1.3281,1.92965039
0.00547774312544483,MRPL41,3.5884,4.64978544
0.0267867629416919,MT.RNR1,1.2874,2.41760124
0.138566725268872,MT.RNR2,36.5222,374.18290716
0.0231394265853361,MT.ND1,2.6102,4.01885596
0.0267283787772804,MT.ND2,8.8997,24.29943991
0.0702860287521137,MT.CO1,28.9778,163.30510716
0.083719622405407,MT.CO2,32.8886,100.23599004
0.0201872137602207,MT.ATP8,6.706,14.647964
0.0680284306829956,MT.ATP6,21.6524,53.99757424
0.0564479466515394,MT.CO3,26.9808,68.84063136
0.0259597253204529,MT.ND3,4.5358,7.64331836
0.017994094510379,MT.ND4L,3.6767,5.85177711
0.0766550309970288,MT.ND4,31.5175,111.83909375
0.0451380520648525,MT.ND5,8.8253,23.19457991
0.053179784100092,MT.CYB,12.78,24.6762
0.00475741056620075,SLC25A6,1.2377,1.41939871
0.00777886306985739,SYAP1,1.38,1.9154
0.00634190645904842,PRDX4,1.2032,1.47970976
0.00611914227028483,NDUFB11,0.8663,1.02602431
0.00518791448508018,TIMP1,1.6773,2.31876471
0.019329738188821,RPS4X,10.4727,14.99525471
0.0102824705248623,COX7B,2.2768,2.78578176
0.00449374081189832,RPL36A,1.0546,1.35461884
0.0107692240985127,NGFRAP1,1.3667,1.81083111
0.00536087668902846,TCEAL4,1.0458,1.52170236
0.00792270599466366,SLC25A5,3.0747,5.61991991
0.0369764778055018,RPL39,8.0436,17.07189904
0.0211975763071791,NDUFA1,2.6196,3.90229584
0.00270671454483321,SSR4,1.161,1.426679
0.0126904559173687,RPL10,6.2148,8.91126096
